City_ID,City,Cloudiness,Country,Date,Humidity,Lat,Lng,Max Temp,Wind Speed
4030556,rikitea,0,PF,1603139767,78,-23.12,-134.97,74.14,12.82
2063036,port lincoln,100,AU,1603139878,86,-34.73,135.87,55.89,12.62
3833367,ushuaia,90,AR,1603139753,80,-54.8,-68.3,39.2,38.03
3369157,cape town,40,ZA,1603139878,67,-33.93,18.42,61.0,10.29
5880054,barrow,90,US,1603139362,85,71.29,-156.79,21.2,10.29
544397,kortkeros,75,RU,1603139878,100,61.81,51.58,33.8,6.71
212730,kisangani,63,CD,1603139878,92,0.52,25.2,71.19,1.74
6201424,mataura,81,NZ,1603139755,83,-46.19,168.86,46.0,8.99
4035715,avarua,0,CK,1603139767,78,-21.21,-159.78,78.8,5.82
5554428,ketchikan,90,US,1603139843,100,55.34,-131.65,46.4,11.41
3372472,vila franca do campo,20,PT,1603139879,87,37.72,-25.43,59.0,5.82
1502257,kozhevnikovo,100,RU,1603139879,82,56.26,83.97,35.65,13.31
3374346,ponta do sol,20,CV,1603139879,69,17.2,-25.09,82.4,9.17
1502063,krasnoturansk,100,RU,1603139879,79,54.32,91.56,28.4,8.48
5983720,iqaluit,80,CA,1603139879,94,63.75,-68.51,25.84,5.06
2112802,hasaki,75,JP,1603139879,100,35.73,140.83,52.0,4.7
935215,saint-philippe,40,RE,1603139879,77,-21.36,55.77,69.8,6.93
3896218,castro,75,CL,1603139768,50,-42.47,-73.77,51.8,5.82
780687,berlevag,75,NO,1603139772,74,70.86,29.09,39.2,18.34
6096551,pangnirtung,100,CA,1603139772,93,66.15,-65.71,27.0,3.33
2077963,albany,90,AU,1603139362,82,-35.02,117.89,59.0,6.93
4011743,constitucion,5,MX,1603139880,14,23.99,-104.67,80.6,3.51
5848280,kapaa,75,US,1603139766,78,22.08,-159.32,86.0,6.93
64814,bandarbeyla,0,SO,1603139880,75,9.49,50.81,78.17,1.12
1651591,amahai,95,ID,1603139880,92,-3.33,128.92,80.01,3.2
2120612,tigil,18,RU,1603139880,95,57.8,158.67,32.49,7.09
2075265,busselton,0,AU,1603139768,74,-33.65,115.33,55.0,9.84
3423146,ilulissat,100,GL,1603139881,52,69.22,-51.1,41.0,17.22
2160053,lithgow,100,AU,1603139881,94,-33.48,150.15,48.99,4.12
3401148,cururupu,73,BR,1603139881,73,-1.83,-44.87,80.26,4.36
1516589,zhezkazgan,1,KZ,1603139881,51,47.8,67.71,47.59,7.11
484972,oktyabrsk,100,RU,1603139881,65,53.16,48.67,42.46,4.92
2015306,tiksi,100,RU,1603139881,93,71.69,128.87,14.74,22.79
2068110,kununurra,79,AU,1603139882,88,-15.77,128.73,80.6,3.36
5962442,goderich,100,CA,1603139882,77,43.74,-81.71,48.99,1.99
2377457,nouadhibou,0,MR,1603139882,35,20.93,-17.03,86.0,17.22
1264976,leh,0,IN,1603139882,52,34.17,77.58,35.76,8.01
2206939,bluff,95,NZ,1603139767,83,-46.6,168.33,46.0,8.99
3374333,praia,97,CV,1603139685,69,14.92,-23.51,82.4,11.41
3471451,arraial do cabo,40,BR,1603139763,69,-22.97,-42.03,75.2,23.04
1015776,bredasdorp,100,ZA,1603139218,62,-34.53,20.04,59.0,6.93
5855927,hilo,75,US,1603139614,62,19.73,-155.09,84.2,6.93
3883457,lebu,0,CL,1603139362,58,-37.62,-73.65,55.38,11.86
885800,mount darwin,0,ZW,1603139883,23,-16.77,31.58,73.31,5.39
3874787,punta arenas,40,CL,1603139735,65,-53.15,-70.92,44.6,36.91
1278985,alappuzha,41,IN,1603139883,84,9.49,76.33,78.87,3.53
3370903,jamestown,0,SH,1603139667,98,-15.94,-5.72,62.01,21.47
2123614,makarov,2,RU,1603139883,87,48.63,142.8,33.96,9.15
4036284,alofi,75,NU,1603139883,73,-19.06,-169.92,77.0,13.87
2126123,chokurdakh,92,RU,1603139770,98,70.63,147.92,15.64,6.55
2156643,mount gambier,90,AU,1603139884,100,-37.83,140.77,37.4,1.12
3146487,raudeberg,96,NO,1603139884,66,61.99,5.14,41.0,5.82
2121385,severo-kurilsk,73,RU,1603139776,71,50.68,156.12,40.06,8.05
2160063,codrington,40,AU,1603139945,77,-28.95,153.24,62.6,5.82
2181625,te anau,24,NZ,1603139832,66,-45.42,167.72,49.17,4.56
1006984,east london,12,ZA,1603139945,84,-33.02,27.91,66.13,3.38
1810240,gejiu,100,CN,1603139945,100,23.31,103.16,47.43,2.44
2639563,redcar,100,GB,1603139945,78,54.62,-1.06,54.0,15.01
5911745,burns lake,70,CA,1603139946,76,54.23,-125.75,41.31,4.74
305681,kumluca,99,TR,1603139946,61,36.37,30.29,72.81,1.83
4020109,atuona,0,PF,1603139753,74,-9.8,-139.03,78.6,18.59
3445026,vila velha,75,BR,1603139946,73,-20.33,-40.29,75.2,5.82
2155415,new norfolk,63,AU,1603139946,84,-42.78,147.06,46.0,2.26
4032243,vaini,20,TO,1603139747,78,-21.2,-175.2,71.6,11.41
2017155,saskylakh,91,RU,1603139770,97,71.92,114.08,21.27,4.14
581049,arkhangelsk,90,RU,1603139947,92,64.54,40.54,30.2,6.71
3366880,hermanus,100,ZA,1603139757,79,-34.42,19.23,55.0,14.76
6324729,halifax,78,CA,1603139649,93,44.65,-63.57,59.0,2.57
2071860,esperance,90,AU,1603139947,100,-33.87,121.9,59.0,10.29
88533,awjilah,6,LY,1603139947,53,29.11,21.29,73.81,9.33
2427949,melfi,25,TD,1603139947,39,11.06,17.94,78.31,4.14
3443061,chuy,0,UY,1603139760,69,-33.7,-53.46,74.5,6.13
546633,kokorevka,47,RU,1603139948,78,52.59,34.28,38.43,8.41
2065594,mount isa,35,AU,1603139948,18,-20.73,139.5,73.4,4.7
933995,souillac,20,MU,1603139948,73,-20.52,57.52,73.4,8.05
6170031,tuktoyaktuk,91,CA,1603139772,98,69.45,-133.04,23.25,4.59
3034639,bastia,30,FR,1603139948,87,42.67,9.33,57.99,3.36
889453,kadoma,0,ZW,1603139948,23,-18.33,29.92,70.34,6.76
2051471,dalnegorsk,4,RU,1603139949,78,44.56,135.57,37.15,4.32
3894426,coihaique,75,CL,1603139949,61,-45.58,-72.07,46.4,6.93
3457147,mineiros,45,BR,1603139726,60,-17.57,-52.55,79.14,6.67
2152667,portland,5,AU,1603139949,86,-38.33,141.6,47.34,3.71
2063042,port hedland,0,AU,1603139949,94,-20.32,118.57,71.6,10.29
6068416,mayo,100,CA,1603139949,84,63.59,-135.9,21.33,1.95
3671576,puerres,75,CO,1603139949,77,1.19,-77.27,60.8,9.17
3430443,necochea,22,AR,1603139949,61,-38.55,-58.74,57.0,8.99
1810295,gaozhou,11,CN,1603139950,79,21.94,110.85,65.61,5.64
2409914,bonthe,98,SL,1603139736,88,7.53,-12.51,78.85,5.12
5870133,nome,90,US,1603139950,93,64.5,-165.41,37.4,5.82
602150,umea,100,SE,1603139950,97,63.83,20.26,32.0,10.29
2973355,tarnos,100,FR,1603139950,33,43.54,-1.46,75.2,11.41
2206900,westport,100,NZ,1603139950,70,-41.75,171.6,55.56,6.42
1507390,dikson,98,RU,1603139760,95,73.51,80.55,23.81,17.74
3372707,ribeira grande,40,PT,1603139950,72,38.52,-28.7,62.6,12.75
2023469,markova,40,RU,1603139950,92,52.21,104.21,26.6,11.18
5563839,fortuna,75,US,1603139765,93,40.6,-124.16,63.0,4.7
5563397,eureka,90,US,1603139951,93,40.8,-124.16,63.0,8.05
3671519,puerto carreno,80,CO,1603139691,66,6.19,-67.49,87.84,5.7
2411397,georgetown,100,SH,1603139362,76,-7.93,-14.42,75.27,12.41
3414079,olafsvik,92,IS,1603139951,73,64.89,-23.71,39.54,10.58
3361934,saldanha,100,ZA,1603139951,67,-33.01,17.94,59.0,2.24
1787858,shangrao,43,CN,1603139951,92,28.45,117.97,54.57,3.94
3533462,acapulco,40,MX,1603139718,74,16.86,-99.89,87.8,4.7
964420,port elizabeth,99,ZA,1603139788,87,-33.92,25.57,60.8,12.75
3985168,san patricio,40,MX,1603139952,70,19.22,-104.7,91.4,11.41
215527,kabinda,98,CD,1603139952,88,-6.13,24.48,69.49,1.9
5394329,selma,40,US,1603139903,28,36.57,-119.61,87.01,3.36
3424607,tasiilaq,50,GL,1603139772,86,65.61,-37.64,33.8,12.75
934649,cap malheureux,26,MU,1603140013,73,-19.98,57.61,73.0,1.99
964712,plettenberg bay,100,ZA,1603140013,82,-34.05,23.37,59.63,10.18
305810,kula,94,TR,1603140013,82,38.55,28.65,55.71,2.68
108410,riyadh,0,SA,1603139889,23,24.69,46.72,69.8,5.82
1636308,manokwari,100,ID,1603140014,76,-0.87,134.08,80.8,8.5
3388341,sao luis do quitunde,20,BR,1603139751,74,-9.32,-35.56,78.8,12.75
2126199,cherskiy,12,RU,1603140014,94,68.75,161.3,17.29,3.6
1337610,thinadhoo,100,MV,1603139814,78,0.53,72.93,82.4,12.24
3673397,paez,100,CO,1603140014,75,5.1,-73.05,72.5,3.22
1715015,dicabisagan,100,PH,1603140014,87,17.08,122.42,79.68,15.7
5859699,college,90,US,1603139822,79,64.86,-147.8,19.4,3.36
3386467,terra santa,73,BR,1603140015,27,-2.1,-56.49,96.13,4.36
2161515,kiama,87,AU,1603140015,85,-34.68,150.87,61.0,1.01
241131,victoria,40,SC,1603140015,78,-4.62,55.45,80.6,2.24
1795632,shenjiamen,21,CN,1603140015,76,29.96,122.3,65.39,14.56
5606187,saint anthony,1,US,1603140015,50,43.97,-111.68,55.4,20.8
2084442,vanimo,12,PG,1603139825,84,-2.67,141.3,77.83,3.94
5826559,green river,1,US,1603140015,27,41.53,-109.47,62.6,33.33
2163355,hobart,75,AU,1603139617,87,-42.88,147.33,46.99,5.82
3668605,santa marta,77,CO,1603140015,65,11.24,-74.2,90.0,1.01
3459094,laguna,0,BR,1603139731,82,-28.48,-48.78,71.22,22.01
524304,murmansk,95,RU,1603140016,99,68.0,34.0,28.36,6.44
2450173,taoudenni,0,ML,1603140016,19,22.68,-3.98,84.4,12.44
1640344,kendari,58,ID,1603140016,90,-3.94,122.5,73.33,3.06
3385899,tutoia,9,BR,1603140016,78,-2.76,-42.27,80.64,10.65
107304,buraydah,0,SA,1603140016,34,26.33,43.98,68.0,2.24
5847411,kahului,40,US,1603140016,55,20.89,-156.47,87.8,9.17
2013279,vostok,0,RU,1603139717,98,46.49,135.88,26.69,2.66
2012956,yerbogachen,99,RU,1603140017,92,61.28,108.01,24.82,11.21
2126785,belaya gora,91,RU,1603140017,94,68.53,146.42,11.26,3.22
2162662,inverell,92,AU,1603140017,78,-29.78,151.12,62.01,1.99
3598787,champerico,75,GT,1603139811,63,14.3,-91.92,91.4,9.17
1282256,hithadhoo,100,MV,1603140017,78,-0.6,73.08,82.51,12.37
3463124,formosa do rio preto,93,BR,1603140017,39,-11.05,-45.19,84.72,2.44
1267390,kavaratti,100,IN,1603140017,75,10.57,72.64,80.74,11.5
3416888,grindavik,75,IS,1603139731,74,63.84,-22.43,37.4,5.82
373141,kaduqli,7,SD,1603140017,67,11.02,29.72,77.0,3.6
3985710,cabo san lucas,5,MX,1603139771,62,22.89,-109.91,91.99,8.05
721411,deszk,51,HU,1603140018,82,46.22,20.24,50.0,4.45
2129101,muroran,0,JP,1603140018,58,42.32,140.99,53.69,12.68
3408424,ipixuna,75,BR,1603140018,94,-1.76,-48.8,73.4,3.36
5354943,half moon bay,5,US,1603140000,60,37.46,-122.43,78.01,5.82
1153555,chumphon,32,TH,1603140018,99,10.33,98.83,71.24,0.31
1007311,durban,75,ZA,1603140018,88,-29.86,31.03,68.0,4.7
1517323,zhanakorgan,0,KZ,1603140019,50,43.91,67.25,49.39,4.16
3877348,panguipulli,20,CL,1603140019,44,-39.63,-72.33,59.0,11.41
2088122,port moresby,99,PG,1603140019,88,-9.44,147.18,76.91,5.03
4031637,lavrentiya,6,RU,1603139760,78,65.58,-171.0,34.14,4.05
3831208,qaanaaq,53,GL,1603140019,86,77.48,-69.36,29.88,10.94
5282297,bethel,90,US,1603139788,72,41.37,-73.41,62.01,6.93
1166073,sarai alamgir,0,PK,1603140020,68,32.9,73.76,68.0,1.54
777019,vardo,75,NO,1603139666,69,70.37,31.11,41.0,16.11
5367788,lompoc,1,US,1603140060,77,34.64,-120.46,66.2,13.87
1651810,airai,2,TL,1603139767,59,-8.93,125.41,60.04,2.35
4167694,panama city,40,US,1603140063,48,30.16,-85.66,86.0,9.17
3438102,fuerte olimpo,30,PY,1603140081,54,-21.04,-57.87,88.66,4.23
5866583,kodiak,90,US,1603139530,75,57.79,-152.41,42.8,9.17
480085,tuzha,89,RU,1603140082,94,57.61,47.94,36.59,7.83
2422968,boffa,93,GN,1603140082,84,10.17,-14.03,80.06,1.54
2130188,hakodate,0,JP,1603139890,63,41.78,140.74,48.52,5.97
1258338,ratnagiri,42,IN,1603140082,83,16.98,73.3,76.46,2.95
1260120,pathri,77,IN,1603140082,87,19.25,76.45,75.04,4.94
3421765,nanortalik,96,GL,1603140082,89,60.14,-45.24,37.18,6.71
546105,nikolskoye,90,RU,1603140082,95,59.7,30.79,37.4,6.71
2027740,amurzet,0,RU,1603140082,88,47.7,131.1,33.31,1.28
1488903,turukhansk,100,RU,1603140083,97,65.82,87.98,11.41,3.94
3435038,dolores,98,AR,1603140083,76,-36.31,-57.68,63.84,16.37
3460355,jaciara,52,BR,1603140083,55,-15.97,-54.97,84.79,8.32
3573197,hamilton,40,BM,1603140083,69,32.29,-64.78,79.0,17.22
1214488,meulaboh,90,ID,1603140083,85,4.14,96.13,76.3,4.03
53372,odweyne,0,SO,1603140083,25,9.41,45.06,76.35,11.01
3355672,luderitz,0,NA,1603140083,72,-26.65,15.16,59.61,24.4
5924351,clyde river,100,CA,1603139771,98,70.47,-68.59,31.87,5.12
2512186,puerto del rosario,20,ES,1603140084,83,28.5,-13.86,73.4,1.7
710400,chortkiv,74,UA,1603140084,83,49.02,25.8,48.0,5.01
367644,sinnar,23,SD,1603140084,40,13.57,33.57,87.06,9.73
3418910,upernavik,9,GL,1603140084,79,72.79,-56.15,35.67,18.92
2110227,butaritari,82,KI,1603139772,76,3.07,172.79,82.0,11.3
2167426,emerald,0,AU,1603140084,49,-23.53,148.17,68.0,6.93
3141667,roald,0,NO,1603140084,80,62.58,6.13,35.6,10.29
4034551,faanui,0,PF,1603140085,81,-16.48,-151.75,79.27,18.52
5861897,fairbanks,90,US,1603139951,85,64.84,-147.72,19.4,2.24
610298,beyneu,0,KZ,1603140067,33,45.32,55.2,56.08,15.05
6255012,flinders,80,AU,1603140085,81,-34.58,150.86,61.0,1.01
3652764,puerto ayora,75,EC,1603140085,69,-0.74,-90.35,77.0,14.99
5324903,arvin,4,US,1603140085,31,35.21,-118.83,88.0,7.0
1793286,tangzhai,29,CN,1603140085,49,34.43,116.59,54.07,3.94
964432,port alfred,41,ZA,1603139757,88,-33.59,26.89,64.49,12.03
4021858,guerrero negro,0,MX,1603140086,39,27.98,-114.06,86.31,12.77
6165406,thompson,99,CA,1603140086,90,55.74,-97.86,30.36,8.39
2015686,talakan,1,RU,1603139818,91,50.32,130.37,29.34,4.52
2037485,erenhot,100,CN,1603140086,43,43.65,111.98,49.15,22.88
2025256,chumikan,0,RU,1603140086,84,54.72,135.31,28.72,24.11
2729907,longyearbyen,75,SJ,1603140086,86,78.22,15.64,26.6,11.41
5813747,toppenish,1,US,1603140086,40,46.38,-120.31,68.0,4.7
6144195,senneterre,24,CA,1603140086,72,48.38,-77.23,39.58,3.49
3380290,sinnamary,28,GF,1603140087,75,5.38,-52.95,82.99,11.86
935616,le port,9,RE,1603140087,69,-20.94,55.29,73.4,11.41
2070998,geraldton,90,AU,1603140087,77,-28.77,114.6,66.2,11.41
2022572,khatanga,6,RU,1603140050,96,71.97,102.5,7.97,1.83
2034615,tahe,69,CN,1603140087,97,52.33,124.73,29.77,2.33
380348,abu zabad,51,SD,1603140087,42,12.35,29.25,85.39,9.82
6180550,whitehorse,100,CA,1603140070,67,60.72,-135.05,25.0,0.56
3347019,namibe,20,AO,1603140088,72,-15.2,12.15,70.18,2.59
1490256,talnakh,90,RU,1603139586,92,69.49,88.4,12.2,11.18
3381428,iracoubo,16,GF,1603140088,76,5.48,-53.2,82.96,12.24
3982837,sonoita,0,MX,1603140088,15,31.85,-112.83,96.01,1.01
3419842,sisimiut,100,GL,1603140088,82,66.94,-53.67,36.73,14.36
2132606,samarai,11,PG,1603140088,87,-10.62,150.67,79.75,7.9
1634614,nabire,100,ID,1603140149,85,-3.37,135.48,75.65,2.77
2537881,asfi,74,MA,1603140150,70,32.3,-9.24,67.21,9.84
6127749,rosetown,98,CA,1603140150,47,51.55,-108.0,28.0,5.01
6185377,yellowknife,95,CA,1603140112,89,62.46,-114.35,28.0,3.0
2063056,port augusta,100,AU,1603140150,93,-32.5,137.77,53.01,5.82
2189343,kaeo,100,NZ,1603140150,84,-35.1,173.78,63.0,8.99
1214026,sabang,97,ID,1603140150,74,5.89,95.32,82.8,10.8
3470137,belmonte,75,BR,1603140150,69,-15.86,-38.88,77.0,6.93
3393692,itarema,10,BR,1603140151,75,-2.92,-39.92,79.52,18.79
1242110,kalmunai,69,LK,1603140151,78,7.42,81.82,78.31,4.5
1649150,bengkulu,100,ID,1603139770,84,-3.8,102.27,76.33,3.02
1802618,longhua,79,CN,1603140151,81,23.61,114.19,61.23,3.65
3430863,mar del plata,99,AR,1603140069,36,-38.0,-57.56,60.8,17.22
2094342,kavieng,70,PG,1603140151,71,-2.57,150.8,82.44,2.24
4944903,nantucket,1,US,1603139513,63,41.28,-70.1,60.8,5.82
5557293,sitka,75,US,1603140152,75,57.05,-135.33,44.6,3.36
2013727,vanavara,100,RU,1603140152,96,60.34,102.28,25.0,14.58
1650298,bangkalan,93,ID,1603140152,76,-7.05,112.74,79.05,5.75
2136825,isangel,75,VU,1603140152,88,-19.55,169.27,73.4,6.93
5989403,kapuskasing,72,CA,1603140152,76,49.42,-82.43,37.81,3.78
986717,kruisfontein,100,ZA,1603140153,80,-34.0,24.73,60.01,4.0
3353383,rundu,0,NA,1603140153,20,-17.93,19.77,72.57,2.42
1633419,padang,8,ID,1603140153,70,-0.95,100.35,77.97,4.52
1056899,sambava,86,MG,1603140153,75,-14.27,50.17,74.89,13.42
5882953,aklavik,100,CA,1603140153,93,68.22,-135.01,20.26,9.37
1244926,hambantota,87,LK,1603140129,81,6.12,81.12,79.05,16.08
5545269,price,1,US,1603140153,20,39.6,-110.81,66.2,6.93
2173911,broken hill,40,AU,1603140154,54,-31.95,141.43,53.6,9.17
2074865,carnarvon,90,AU,1603140154,72,-24.87,113.63,68.0,13.87
8079926,labuhan,74,ID,1603140154,81,-6.88,112.21,77.83,7.52
153955,micheweni,0,TZ,1603140154,80,-4.97,39.83,77.99,8.41
4015683,canatlan,5,MX,1603140154,14,24.52,-104.78,80.6,4.47
6067472,marystown,63,CA,1603139892,100,47.17,-55.15,57.0,5.28
4686163,dickinson,75,US,1603140155,74,29.46,-95.05,84.99,11.41
1862505,hirara,73,JP,1603139937,82,24.8,125.28,79.59,25.17
1153035,kathu,20,TH,1603140155,100,7.92,98.33,84.99,3.36
2450849,sokolo,0,ML,1603140155,17,14.73,-6.12,90.39,7.11
1785974,yuci,69,CN,1603140155,44,37.68,112.73,37.4,3.24
1264244,majholi,89,IN,1603140155,68,23.5,79.92,74.23,1.92
4031574,provideniya,31,RU,1603140156,79,64.38,-173.3,28.4,4.47
2964492,dunmore east,40,IE,1603140156,87,52.15,-6.99,55.99,20.8
1636426,manggar,98,ID,1603140156,81,-2.88,108.27,80.15,5.17
556268,ostrovnoy,89,RU,1603140156,81,68.05,39.51,35.94,16.17
2075720,broome,84,AU,1603140156,83,-17.97,122.23,78.8,9.17
132938,gonbad-e qabus,0,IR,1603140156,22,37.25,55.17,65.97,2.3
1106677,bambous virieux,20,MU,1603140156,73,-20.34,57.76,73.4,8.05
2093685,kokopo,19,PG,1603140157,82,-4.35,152.26,78.96,3.29
101628,tabuk,0,SA,1603140157,13,28.38,36.58,78.8,5.82
2028164,deputatskiy,100,RU,1603140157,95,69.3,139.9,9.36,4.61
3372964,lagoa,50,PT,1603140084,72,39.05,-27.98,63.79,35.12
4278471,russell,90,US,1603140157,49,38.9,-98.86,46.4,4.7
3901903,uyuni,83,BO,1603140137,25,-20.46,-66.83,64.31,14.07
3945985,camana,39,PE,1603140157,67,-16.62,-72.71,65.77,7.31
4231997,avera,1,US,1603140158,47,33.19,-82.53,78.8,4.7
1502697,kondinskoye,59,RU,1603140158,96,59.65,67.41,35.91,7.29
6620339,karratha,0,AU,1603140219,84,-20.74,116.85,64.06,8.93
2974733,sete,90,FR,1603140219,82,43.4,3.7,60.8,18.34
2027296,aykhal,90,RU,1603140219,100,66.0,111.5,14.0,4.47
2347758,bara,12,NG,1603140219,55,10.41,10.6,78.8,5.95
1623424,tondano,40,ID,1603140219,100,1.3,124.91,73.4,2.24
3386213,touros,40,BR,1603140220,69,-5.2,-35.46,80.6,10.29
1808204,mugan,69,CN,1603140220,75,35.94,101.38,34.88,3.4
1737486,bintulu,20,MY,1603140220,94,3.17,113.03,77.0,2.24
733722,ahtopol,100,BG,1603140220,62,42.1,27.95,53.01,6.93
5896969,beaverlodge,100,CA,1603140220,92,55.22,-119.44,30.76,9.8
3466980,caravelas,100,BR,1603140102,74,-17.71,-39.25,73.96,5.17
1045114,inhambane,0,MZ,1603140220,81,-23.86,35.38,70.7,11.52
5972762,hay river,0,CA,1603140220,85,60.82,-115.8,28.67,3.4
1106643,quatre cocos,20,MU,1603140221,73,-20.21,57.76,73.4,8.05
777682,skjervoy,11,NO,1603140221,71,70.03,20.97,37.87,5.41
1519030,shu,0,KZ,1603140221,85,43.6,73.76,55.99,3.78
4297983,lexington,90,US,1603140189,93,37.99,-84.48,63.0,5.82
122285,neyshabur,0,IR,1603140221,36,36.21,58.8,50.45,1.52
3664078,humaita,79,BR,1603140221,55,-7.51,-63.02,88.16,1.1
5993072,kitimat,97,CA,1603140221,90,54.05,-128.65,43.0,4.99
2278158,buchanan,75,LR,1603140221,94,5.88,-10.05,77.0,7.02
2122574,ola,100,RU,1603140222,97,59.58,151.28,27.37,8.72
3448903,sao joao da barra,99,BR,1603140173,69,-21.64,-41.05,75.2,16.11
789923,jagodina,0,RS,1603140222,100,43.98,21.26,39.2,1.12
1502073,krasnoselkup,100,RU,1603140222,97,65.7,82.47,19.94,7.31
3421193,paamiut,100,GL,1603139769,80,61.99,-49.67,40.37,17.49
2976258,sanary-sur-mer,97,FR,1603140222,82,43.12,5.8,59.0,3.0
2350886,aku,74,NG,1603140222,90,6.71,7.32,74.53,3.47
2276492,harper,49,LR,1603140222,85,4.38,-7.72,77.38,7.54
2109528,buala,47,SB,1603140222,76,-8.14,159.59,83.44,5.23
2013639,verkhnevilyuysk,91,RU,1603140222,97,63.45,120.32,21.97,7.78
57000,hobyo,6,SO,1603140175,77,5.35,48.53,80.33,17.4
217695,bunia,100,CD,1603140223,85,1.57,30.25,64.15,3.06
5952330,ferme-neuve,100,CA,1603140223,63,46.7,-75.45,45.46,1.36
607610,zhanaozen,0,KZ,1603140223,70,43.3,52.8,51.76,4.68
2094027,kieta,6,PG,1603140223,73,-6.22,155.63,81.73,2.91
2618795,klaksvik,16,FO,1603140223,86,62.23,-6.59,39.2,11.41
1490711,sukhobuzimskoye,100,RU,1603140223,54,56.5,93.27,30.2,8.95
360630,cairo,0,EG,1603140110,78,30.06,31.25,75.2,16.11
6697802,pombia,8,GR,1603140223,73,35.01,24.87,68.0,5.82
1253628,lata,0,IN,1603140224,40,30.78,78.62,54.39,5.23
3359638,walvis bay,0,NA,1603140224,77,-22.96,14.51,59.0,4.7
2150163,sawtell,73,AU,1603140224,87,-30.38,153.1,60.8,6.93
3672086,pizarro,100,CO,1603140224,90,4.95,-77.37,74.86,2.46
5128654,newburgh,75,US,1603140224,72,41.5,-74.01,63.0,5.82
6355222,yulara,48,AU,1603140224,88,-25.24,130.99,66.2,9.17
3037854,amiens,85,FR,1603140224,76,49.9,2.3,51.01,14.99
1490918,staryy nadym,89,RU,1603140224,99,65.61,72.68,26.31,5.08
3197986,knin,11,HR,1603140225,78,44.04,16.2,37.99,1.99
240999,alindao,97,CF,1603140225,91,5.03,21.21,71.1,2.26
1506938,erzin,0,RU,1603140225,86,50.26,95.16,18.46,1.81
2064735,nhulunbuy,14,AU,1603140225,88,-12.23,136.77,71.6,5.75
2035707,mujiayingzi,0,CN,1603140225,55,42.12,118.78,44.87,7.31
1684606,taganak,20,PH,1603140225,94,6.08,118.3,77.0,2.24
3928128,tacna,4,PE,1603140026,72,-18.01,-70.25,66.99,12.75
478050,ust-kulom,100,RU,1603140286,92,61.69,53.69,33.85,5.35
3357804,eenhana,0,NA,1603140287,10,-17.47,16.33,84.2,2.24
1002145,george,100,ZA,1603140287,100,-33.96,22.46,55.4,9.17
609404,khromtau,10,KZ,1603140287,45,50.25,58.43,50.29,11.16
1082243,ambilobe,22,MG,1603140287,77,-13.2,49.05,74.07,1.54
3468352,cacu,4,BR,1603140287,50,-18.56,-51.13,83.79,8.79
190544,konza,75,KE,1603140287,88,-1.74,37.13,64.4,9.17
2508807,adrar,0,DZ,1603140287,21,25.75,-1.0,77.58,13.96
6154159,springdale,99,CA,1603140288,84,49.5,-56.06,57.0,7.27
4323873,estelle,75,US,1603140288,74,29.85,-90.11,82.99,8.05
495575,shatalovo,0,RU,1603140288,80,54.33,32.45,37.33,15.03
6089245,norman wells,9,CA,1603140288,81,65.28,-126.83,21.34,9.48
1816751,beidao,100,CN,1603140288,70,34.57,105.89,50.58,1.54
933759,ghanzi,0,BW,1603140288,18,-21.57,21.78,77.13,8.46
2027042,batagay-alyta,100,RU,1603140288,89,67.8,130.41,14.23,1.59
3395981,maceio,20,BR,1603140129,74,-9.67,-35.74,78.8,12.75
3374336,porto novo,20,CV,1603140289,69,17.02,-25.06,82.4,9.17
123941,minab,0,IR,1603140289,68,27.15,57.08,68.0,4.7
535183,linda,57,RU,1603140289,93,56.62,44.1,35.6,8.95
1185199,kaliganj,74,BD,1603140289,80,23.41,89.14,78.53,4.81
2180815,tuatapere,47,NZ,1603140289,83,-46.13,167.68,48.0,5.99
300797,silopi,0,TR,1603140289,29,37.25,42.47,63.7,3.29
1043893,lichinga,0,MZ,1603140290,46,-13.31,35.24,66.16,4.83
2448442,yorosso,77,ML,1603140290,64,12.35,-4.78,78.15,6.15
2427336,moussoro,0,TD,1603140290,12,13.64,16.49,91.13,7.76
5905393,bonavista,87,CA,1603140290,84,48.65,-53.11,51.01,9.42
1295765,akyab,96,MM,1603140290,80,20.15,92.9,80.98,8.48
3453060,pontes e lacerda,38,BR,1603140290,43,-15.23,-59.34,89.24,7.36
3571913,marsh harbour,100,BS,1603140290,76,26.54,-77.06,80.98,20.8
1734313,paka,56,MY,1603140291,100,4.64,103.44,75.2,2.08
3833859,tres arroyos,0,AR,1603140291,45,-38.37,-60.28,59.07,10.36
2124611,kholodnyy,97,RU,1603140291,84,62.72,147.95,8.17,3.56
2960935,wicklow,75,IE,1603140291,81,53.0,-6.42,54.0,17.22
3696267,huicungo,91,PE,1603140291,40,-7.28,-76.8,91.87,3.15
6050066,la ronge,75,CA,1603140291,83,55.1,-105.28,29.61,4.94
1218612,murgab,0,TM,1603140291,50,37.5,61.97,55.4,1.43
3467362,capao da canoa,0,BR,1603140292,88,-29.75,-50.01,69.28,14.07
3466165,cidreira,0,BR,1603139773,86,-30.18,-50.21,69.49,13.78
613226,lentekhi,99,GE,1603140292,69,42.79,42.73,55.4,2.84
5954718,flin flon,98,CA,1603140292,86,54.77,-101.86,30.81,6.55
1853483,oyama,75,JP,1603140292,93,36.3,139.8,57.0,1.12
3348078,kuito,0,AO,1603140292,43,-12.38,16.93,67.15,2.3
2649169,kinlochleven,100,GB,1603140292,97,56.71,-4.97,52.0,3.0
3175788,oga,48,IT,1603140293,100,46.46,10.35,52.0,2.24
3404558,cabedelo,20,BR,1603140293,69,-6.98,-34.83,80.6,11.41
2092164,lorengau,57,PG,1603140293,73,-2.02,147.27,81.28,1.61
2125693,evensk,93,RU,1603140293,94,61.95,159.23,35.51,16.91
2122090,pevek,0,RU,1603140293,94,69.7,170.31,24.62,13.98
2123814,leningradskiy,95,RU,1603139770,91,69.38,178.42,26.19,6.85
86049,jalu,31,LY,1603140293,41,29.03,21.55,76.33,6.64
1805408,jinsha,0,CN,1603140293,94,32.09,121.07,57.0,3.53
2657782,aberystwyth,100,GB,1603140228,80,52.42,-4.08,52.0,5.99
1213855,sibolga,47,ID,1603140294,79,1.74,98.78,76.42,3.62
5850554,makakilo city,90,US,1603139772,69,21.35,-158.09,82.4,9.17
485660,svetlyy,75,RU,1603140355,87,54.67,20.13,46.0,13.42
3855065,general roca,0,AR,1603140355,20,-39.03,-67.58,73.4,5.82
2127202,anadyr,85,RU,1603140355,74,64.75,177.48,33.8,8.95
6063191,mackenzie,98,CA,1603140355,80,55.3,-123.17,35.22,0.49
2017059,selenginsk,40,RU,1603140356,55,52.01,106.86,33.8,20.13
2176639,batemans bay,99,AU,1603140356,85,-35.72,150.18,60.01,1.59
1011632,de aar,59,ZA,1603140356,25,-30.65,24.01,67.75,10.29
2120047,ust-omchug,100,RU,1603140356,92,61.15,149.63,13.48,5.08
6164499,the pas,59,CA,1603140356,87,53.83,-101.25,31.37,7.25
118704,ravar,0,IR,1603140356,45,31.27,56.81,49.86,2.8
1803331,linxia,100,CN,1603140356,60,35.6,103.21,40.93,2.95
3421719,narsaq,93,GL,1603140357,84,60.92,-46.05,33.8,2.24
1608530,nakhon phanom,99,TH,1603140357,94,17.33,104.42,66.15,4.68
3899695,ancud,75,CL,1603140357,50,-41.87,-73.82,51.8,5.82
878054,masuguru,0,TZ,1603140357,61,-11.37,38.42,79.95,7.85
3405051,borba,92,BR,1603140357,42,-4.39,-59.59,93.27,1.66
1856392,muroto,100,JP,1603140357,62,33.28,134.15,64.71,17.87
1258815,alirajpur,99,IN,1603140357,80,22.3,74.35,78.84,3.83
1161724,chabahar,0,IR,1603140358,73,25.29,60.64,69.8,3.09
139817,bushehr,0,IR,1603140358,64,28.97,50.84,75.2,1.68
7626370,bud,0,NO,1603140358,66,62.91,6.91,33.8,8.05
2134814,sola,46,VU,1603140358,79,-13.88,167.55,79.75,18.3
2095038,kainantu,66,PG,1603140358,89,-6.29,145.87,62.78,0.58
2155742,narrabri,36,AU,1603140359,76,-30.32,149.78,57.2,9.17
3439781,treinta y tres,0,UY,1603140359,66,-33.23,-54.38,82.62,1.19
1728659,balabag,100,PH,1603140359,91,11.97,121.92,78.85,18.45
3372760,praia da vitoria,40,PT,1603140359,72,38.73,-27.07,62.6,31.43
3984997,san quintin,0,MX,1603140359,55,30.48,-115.95,77.77,19.42
2122605,okhotsk,2,RU,1603140359,81,59.38,143.3,20.95,23.22
1790437,zhuhai,40,CN,1603140359,78,22.28,113.57,71.6,20.8
2964782,dingle,100,IE,1603140360,92,52.14,-10.27,56.01,19.64
934322,mahebourg,20,MU,1603140360,73,-20.41,57.7,73.4,8.05
964406,port shepstone,96,ZA,1603140360,88,-30.74,30.45,68.72,1.72
3354071,oranjemund,2,NA,1603140360,87,-28.55,16.43,58.14,12.01
2194098,ahipara,100,NZ,1603140360,73,-35.17,173.17,62.91,10.47
1640972,katobu,35,ID,1603140360,86,-4.94,122.53,73.35,3.91
778707,mehamn,75,NO,1603140361,79,71.04,27.85,37.4,11.41
2214827,mizdah,0,LY,1603140361,74,31.45,12.98,58.53,7.85
6111862,port hardy,95,CA,1603140127,81,50.7,-127.42,52.39,12.97
4952206,stoughton,71,US,1603140361,67,42.13,-71.1,63.0,9.17
1529102,urumqi,7,CN,1603140361,60,43.8,87.6,42.8,2.24
2130629,asahikawa,2,JP,1603140361,69,43.77,142.37,44.26,3.85
1855612,nara,75,JP,1603140362,93,34.68,135.8,53.01,1.12
2208248,kaitangata,79,NZ,1603140362,68,-46.28,169.85,52.0,14.12
3527113,hidalgotitlan,75,MX,1603140362,70,17.78,-94.63,86.0,11.41
2033413,yichun,0,CN,1603140362,96,47.7,128.9,31.24,3.83
2031964,darhan,99,MN,1603140362,88,49.49,105.92,28.71,19.15
2139259,ouegoa,0,NC,1603140363,62,-20.35,164.43,75.74,6.58
1337613,kulhudhuffushi,0,MV,1603140363,79,6.62,73.07,81.39,12.55
978895,margate,97,ZA,1603140363,87,-30.86,30.37,68.85,2.19
2024626,dzhebariki-khaya,90,RU,1603140363,96,62.22,135.8,12.51,1.63
226853,paidha,100,UG,1603140363,95,2.42,30.99,61.41,0.31
1510916,barabinsk,100,RU,1603140363,63,55.36,78.36,42.4,15.46
2160517,launceston,90,AU,1603140392,87,-41.45,147.17,52.0,6.93
3839307,rawson,6,AR,1603140425,30,-43.3,-65.1,61.43,21.3
2162737,ingham,15,AU,1603140425,81,-18.65,146.17,72.1,1.72
1847947,shingu,100,JP,1603140425,73,33.73,135.98,54.73,5.84
3459435,juquitiba,75,BR,1603140425,82,-23.93,-47.07,66.2,4.7
3379507,bartica,20,GY,1603140425,62,6.4,-58.62,87.8,9.17
2817209,vilsbiburg,1,DE,1603140425,93,48.45,12.35,37.99,5.93
2022773,khandyga,96,RU,1603140425,96,62.67,135.6,12.29,3.04
1623197,tual,99,ID,1603140425,81,-5.67,132.75,80.74,12.62
4760059,fredericksburg,40,US,1603140425,60,38.3,-77.46,71.6,5.82
3374210,sao filipe,48,CV,1603140426,66,14.9,-24.5,82.78,7.7
1808857,hanzhong,100,CN,1603140426,85,33.07,107.03,55.35,2.3
161901,kaka,0,TM,1603140426,42,37.35,59.61,51.89,2.01
2022064,kirovskiy,0,RU,1603140426,82,45.09,133.51,38.28,3.11
5816320,bainbridge,90,US,1603140426,72,47.63,-122.52,59.0,1.19
4946620,palmer,75,US,1603140426,59,42.16,-72.33,62.6,4.7
3373652,oistins,20,BB,1603140426,66,13.07,-59.53,87.8,6.93
1252668,ziro,51,IN,1603140427,100,27.63,93.83,50.76,1.79
1563281,tuy hoa,100,VN,1603140427,89,13.08,109.3,75.81,4.43
2156404,mudgee,16,AU,1603140427,93,-32.59,149.59,54.0,5.82
3573061,saint george,40,BM,1603140427,69,32.38,-64.68,78.8,17.22
2962450,moville,100,IE,1603140427,90,55.18,-7.05,53.85,14.12
1651103,atambua,0,ID,1603140427,78,-9.11,124.89,72.48,1.57
3372783,ponta delgada,20,PT,1603140427,87,37.73,-25.67,59.0,5.82
3663495,manoel urbano,94,BR,1603140427,57,-8.84,-69.26,86.68,11.36
110690,faya,0,SA,1603140428,17,18.39,42.45,62.6,4.7
3129839,aras,100,ES,1603140428,55,42.56,-2.36,66.2,17.22
1488167,ust-koksa,83,RU,1603140428,81,50.27,85.61,28.67,2.35
575521,bogorodskoye,52,RU,1603140428,87,56.55,37.88,34.68,12.39
1529376,korla,0,CN,1603140309,74,41.76,86.15,46.99,1.01
2260401,djambala,100,CG,1603140428,90,-2.54,14.75,69.44,3.67
6057856,liverpool,65,CA,1603140428,94,44.03,-64.72,55.99,4.34
5703673,elko,56,US,1603140428,26,41.0,-115.5,73.0,11.99
217637,businga,87,CD,1603140428,93,3.33,20.88,72.93,1.66
102527,sakakah,0,SA,1603140429,11,29.97,40.21,73.4,5.82
2137773,vao,95,NC,1603140429,76,-22.67,167.48,73.42,16.71
56335,jawhar,0,SO,1603140429,82,2.78,45.5,76.77,7.36
2019118,nizhniy tsasuchey,98,RU,1603140429,81,50.52,115.13,35.6,2.93
3523183,minatitlan,75,MX,1603140429,70,17.98,-94.52,86.0,11.41
500316,rutul,20,RU,1603140429,48,41.54,47.42,66.2,13.87
6094407,oromocto,80,CA,1603140323,65,45.84,-66.48,55.99,3.96
295277,elat,0,IL,1603140429,54,29.56,34.95,84.2,4.7
2307795,mongomo,88,GQ,1603140430,98,1.63,11.31,68.25,2.73
1224061,wattegama,73,LK,1603140430,77,6.8,81.48,75.34,5.08
4031742,egvekinot,37,RU,1603140430,96,66.32,-179.17,25.9,5.66
515879,oktyabrskiy,35,RU,1603140430,85,54.48,53.47,41.18,2.73
146639,lasa,20,CY,1603140430,73,34.92,32.53,71.6,5.82
6453316,tromso,0,NO,1603140430,92,69.65,18.96,24.8,6.93
3457113,miranda,85,BR,1603140430,68,-20.24,-56.38,82.94,3.42
1228730,ratnapura,47,LK,1603140430,86,6.68,80.4,75.04,2.3
1253237,veraval,71,IN,1603140430,80,20.9,70.37,82.35,7.43
1486340,yarovoye,98,RU,1603140431,64,52.93,78.58,39.6,14.18
2381334,atar,0,MR,1603140431,21,20.52,-13.05,89.15,8.95
1650232,banjar,40,ID,1603140431,100,-8.19,114.97,78.8,9.17
1632694,pangkalanbuun,99,ID,1603140431,97,-2.68,111.62,74.88,1.92
3382160,cayenne,42,GF,1603140431,66,4.93,-52.33,86.0,10.29
2079582,alyangula,70,AU,1603140431,100,-13.85,136.42,69.8,1.12
2255564,ouesso,100,CG,1603140492,79,1.61,16.05,73.0,1.48
3870243,taltal,22,CL,1603140486,62,-25.4,-70.48,63.64,7.16
3939761,hualmay,18,PE,1603140493,71,-11.1,-77.61,67.35,10.31
1485997,yeniseysk,100,RU,1603140493,93,58.45,92.17,29.61,6.89
3137469,sorland,52,NO,1603140493,79,67.67,12.69,28.4,6.93
1259385,port blair,25,IN,1603140493,84,11.67,92.75,80.87,13.56
1280037,shache,0,CN,1603140493,49,38.42,77.24,45.21,5.41
878141,madimba,0,TZ,1603140493,83,-10.4,40.33,73.4,4.85
2138555,poum,0,NC,1603140493,67,-20.23,164.02,74.05,7.25
80509,bardiyah,92,LY,1603140494,72,31.76,25.09,74.41,4.83
2191911,dargaville,97,NZ,1603140494,69,-35.93,173.88,63.09,10.13
286245,sur,7,OM,1603140494,32,22.57,59.53,81.07,9.82
2108502,honiara,40,SB,1603140304,94,-9.43,159.95,77.0,2.24
5055787,kirksville,90,US,1603140325,60,40.19,-92.58,39.99,13.87
2227402,meiganga,40,CM,1603140494,74,6.52,14.3,66.06,4.09
1624041,ternate,86,ID,1603140494,78,0.8,127.4,80.98,9.24
183595,ngong,75,KE,1603140494,88,-1.36,36.66,64.4,8.05
3403687,camocim,16,BR,1603140495,70,-2.9,-40.84,81.16,20.18
1215502,banda aceh,85,ID,1603140495,72,5.56,95.32,80.67,7.9
2016701,shimanovsk,88,RU,1603140495,91,52.0,127.7,30.69,10.02
5970478,harbour breton,98,CA,1603140495,100,47.48,-55.8,57.0,6.49
662759,varlezi,0,RO,1603140495,57,45.9,27.85,47.35,2.98
2966778,ballina,100,IE,1603140495,94,54.12,-9.17,52.0,7.0
2446796,bilma,0,NE,1603140496,14,18.69,12.92,83.64,6.4
1729456,bacungan,100,PH,1603140496,83,9.91,118.7,79.72,5.06
5380437,pacific grove,20,US,1603140496,77,36.62,-121.92,78.8,6.93
3874930,puerto varas,75,CL,1603140296,76,-41.32,-72.99,50.0,8.05
1489822,teguldet,100,RU,1603140496,98,57.31,88.17,31.17,12.06
6067747,matagami,97,CA,1603140450,76,49.75,-77.63,38.21,5.1
1052944,angoche,0,MZ,1603140496,83,-16.23,39.91,75.7,6.49
897456,sinazongwe,0,ZM,1603140496,30,-17.26,27.46,79.93,4.38
1529484,hami,2,CN,1603140497,49,42.8,93.45,46.17,3.74
6620467,saint-jean-port-joli,100,CA,1603140497,85,47.22,-70.27,51.01,8.01
3670218,san andres,75,CO,1603140426,70,12.58,-81.7,89.6,5.82
3374083,bathsheba,20,BB,1603140497,66,13.22,-59.52,87.8,6.93
3374235,sal rei,20,CV,1603140497,78,16.18,-22.92,82.4,16.11
5117949,freeport,1,US,1603140299,68,40.66,-73.58,66.0,8.05
1789647,xichang,100,CN,1603140497,80,27.9,102.26,54.1,1.99
2023584,imeni poliny osipenko,0,RU,1603140497,84,52.42,136.49,23.14,4.79
548625,alekseyevka,99,RU,1603140497,71,53.25,50.49,39.2,4.47
1856697,miyoshi,75,JP,1603140498,87,35.08,137.07,53.6,5.82
2219235,awbari,0,LY,1603140498,51,26.59,12.78,73.18,13.69
5172078,sidney,91,US,1603140498,100,40.28,-84.16,50.0,7.52
239300,mango,99,CF,1603140498,91,4.65,22.36,71.37,1.97
1920772,zhoucheng,100,CN,1603140498,1,35.91,116.31,59.0,5.21
5058868,devils lake,20,US,1603140498,46,48.11,-98.87,30.2,8.05
3707058,la palma,100,PA,1603140498,80,8.4,-78.15,81.25,9.26
462984,zhirnovsk,100,RU,1603140499,58,50.98,44.77,45.43,5.93
644499,nivala,100,FI,1603140499,92,63.92,24.97,28.0,4.0
1488788,tyubuk,100,RU,1603140499,86,56.06,60.94,45.99,1.97
3625710,upata,97,VE,1603140499,58,8.01,-62.4,91.99,3.0
1855540,naze,40,JP,1603140499,88,28.37,129.48,75.2,14.99
5919850,chapais,73,CA,1603140499,82,49.78,-74.85,35.71,2.77
4692856,galveston,1,US,1603140496,74,29.37,-94.97,82.4,11.41
6690295,saint-denis,20,RE,1603140560,69,-20.87,55.47,73.4,12.75
2193968,amberley,26,NZ,1603140561,76,-43.17,172.73,57.99,11.41
2400547,gamba,100,GA,1603140561,87,-2.65,10.0,77.23,7.96
2170139,cowra,18,AU,1603140561,94,-33.83,148.68,48.0,1.99
2947026,bogen,25,DE,1603140561,10,48.91,12.69,39.99,3.96
1524298,aksu,83,KZ,1603140561,74,52.03,76.92,28.4,8.95
119505,qazvin,0,IR,1603140561,29,36.28,50.0,51.8,4.7
1513957,hazorasp,0,UZ,1603140561,37,41.32,61.07,50.0,2.24
2026861,berdigestyakh,100,RU,1603140561,95,62.1,126.7,14.88,5.57
1276079,bhatgaon,1,IN,1603140562,86,21.15,81.7,74.55,3.69
